-- Datenbank heatbox_text erstellen

CREATE DATABASE `heatbox_text`;
Use `heatbox_text`;

-- Tabelle admin_rules erstellen

CREATE TABLE `admin_rules` (
  `admin_rulesid` int(11) NOT NULL,
  `rulenr` int(11) NOT NULL,
  `rulename` varchar(255) NOT NULL,
  `status` tinyint(1) NOT NULL
) ENGINE=InnoDB DEFAULT CHARSET=utf8;

INSERT INTO `admin_rules` (`admin_rulesid`, `rulenr`, `rulename`, `status`) VALUES
(1, 1, 'showsysinfopage', 1);

-- Tabelle comments erstellen

CREATE TABLE `comments` (
  `id` int(10) UNSIGNED NOT NULL,
  `name` varchar(128) COLLATE utf8_unicode_ci NOT NULL DEFAULT '',
  `url` varchar(255) COLLATE utf8_unicode_ci NOT NULL DEFAULT '',
  `email` varchar(255) COLLATE utf8_unicode_ci NOT NULL DEFAULT '',
  `body` text COLLATE utf8_unicode_ci NOT NULL,
  `dt` timestamp NOT NULL DEFAULT CURRENT_TIMESTAMP
) ENGINE=MyISAM DEFAULT CHARSET=utf8 COLLATE=utf8_unicode_ci;

-- Tabelle seiten erstellen

CREATE TABLE `seiten` (
  `seitenid` int(11) NOT NULL,
  `seitennr` int(11) NOT NULL,
  `seitenname` varchar(255) NOT NULL
) ENGINE=InnoDB DEFAULT CHARSET=utf8 COMMENT='Seiten, denen Texte zugeordnet werden können';

INSERT INTO `seiten` (`seitenid`, `seitennr`, `seitenname`) VALUES
(1, 1, 'sysinfopage'),
(2, 2, 'header'),
(3, 3, 'footer'),
(4, 4, 'index'),
(5, 5, 'HeatBox Allgemein'),
(6, 6, 'HeatBox Dropdown'),
(7, 7, 'HeatBox Technische Daten'),
(8, 8, 'HeatBox Anleitungen'),
(9, 9, 'Heatbox Compact'),
(10, 10, 'HeatBox Compact Technische Daten'),
(11, 11, 'HeatBox Compact Anleitungen'),
(12, 12, 'HeatBox Eco'),
(13, 13, 'HeatBox Eco Technische Daten'),
(14, 14, 'HeatBox Eco Anleitungen'),
(15, 15, 'HeatBox Downloads'),
(16, 16, 'Heatbox Geschichte'),
(17, 17, 'HeatBox Testberichte'),
(18, 18, 'HeatBox FAQ'),
(19, 19, 'HeatBox Spende'),
(20, 20, 'HeatBox Kommentare'),
(21, 21, 'Kontakt'),
(22, 22, 'Impressum'),
(23, 23, 'Loginform');

-- Tabelle sprachen erstellen

CREATE TABLE `sprachen` (
  `sprachid` int(11) NOT NULL,
  `sprachnr` int(11) NOT NULL,
  `sprache` varchar(255) NOT NULL
) ENGINE=InnoDB DEFAULT CHARSET=utf8 COMMENT='Verfügbare Sprachen';

INSERT INTO `sprachen` (`sprachid`, `sprachnr`, `sprache`) VALUES
(1, 1, 'Deutsch'),
(2, 2, 'Englisch');

-- Tabelle texte erstellen

CREATE TABLE `texte` (
  `textid` int(11) NOT NULL,
  `textnr` int(11) NOT NULL,
  `text` varchar(1024) DEFAULT NULL,
  `seitennr` int(11) DEFAULT NULL,
  `sprachnr` int(11) DEFAULT NULL
) ENGINE=InnoDB DEFAULT CHARSET=utf8 COMMENT='Texte, die auf den Seiten angezeigt werden';

INSERT INTO `texte` (`textid`, `textnr`, `text`, `seitennr`, `sprachnr`) VALUES
(1, 1, 'Dies ist ein Test.', 1, 1),
(3, 1, 'This is a test.', 1, 2),
(4, 1, 'Startseite | HeatBox', 4, 1),
(5, 1, 'Home | HeatBox', 4, 2),
(6, 1, 'Startseite', 2, 1),
(7, 1, 'Home', 2, 2),
(8, 2, 'Allgemeines', 2, 1),
(9, 2, 'General', 2, 2),
(10, 3, 'Heatbox', 2, 1),
(11, 3, 'Heatbox', 2, 2),
(12, 4, 'Heatbox', 2, 1),
(13, 4, 'Heatbox', 2, 2),
(14, 5, 'Technische Daten', 2, 1),
(15, 5, 'Technical specifications', 2, 2),
(16, 6, 'Anleitungen', 2, 1),
(17, 6, 'Manuals', 2, 2),
(18, 7, 'Heatbox Compact', 2, 1),
(19, 7, 'Heatbox Compact', 2, 2),
(20, 8, 'Technische Daten', 2, 1),
(21, 8, 'Technical specifications', 2, 2),
(22, 9, 'Anleitungen', 2, 1),
(23, 9, 'Manuals', 2, 2),
(24, 10, 'Heatbox Eco', 2, 1),
(25, 10, 'Heatbox Eco', 2, 2),
(26, 11, 'Technische Daten', 2, 1),
(27, 11, 'Technical specifications', 2, 2),
(29, 12, 'Anleitungen', 2, 1),
(30, 12, 'Manuals', 2, 2),
(31, 13, 'Downloads', 2, 1),
(32, 13, 'Downloads', 2, 2),
(33, 14, 'Geschichte', 2, 1),
(34, 14, 'History', 2, 2),
(35, 15, 'Testberichte', 2, 1),
(36, 15, 'Reviews', 2, 2),
(37, 16, 'FAQ', 2, 1),
(38, 16, 'FAQ', 2, 2),
(39, 17, 'Spende', 2, 1),
(40, 17, 'Donate', 2, 2),
(41, 18, 'Kommentare', 2, 1),
(42, 18, 'Comments', 2, 2),
(43, 19, 'Kontakt', 2, 1),
(44, 19, 'Contact', 2, 2),
(45, 20, 'Impressum', 2, 1),
(46, 20, 'Impressum', 2, 2),
(47, 1, 'ADRESSE', 3, 1),
(48, 1, 'ADRESS', 3, 2),
(49, 2, 'Straße', 3, 1),
(50, 2, 'Street', 3, 2),
(51, 3, 'Hüttenstraße 13', 3, 1),
(52, 3, 'Hüttenstraße 13', 3, 2),
(53, 4, 'PLZ/Ort', 3, 1),
(54, 4, 'Postcode/City', 3, 2),
(55, 5, '35708 Haiger', 3, 1),
(56, 5, '35708 Haiger', 3, 2),
(57, 6, 'Land', 3, 1),
(58, 6, 'Country', 3, 2),
(59, 7, 'Deutschland', 3, 1),
(60, 7, 'Germany', 3, 2),
(61, 8, 'ANSPRECHPARTNER', 3, 1),
(62, 8, 'CONTACT PERSON', 3, 2),
(63, 9, 'Christian Domes', 3, 1),
(64, 9, 'Christian Domes', 3, 2),
(65, 10, 'Website', 3, 1),
(66, 10, 'Website', 3, 2),
(67, 11, 'Email', 3, 1),
(68, 11, 'Email', 3, 2),
(69, 12, 'Telefon', 3, 1),
(70, 12, 'Phone', 3, 2),
(71, 13, '+49 2773 912030', 3, 1),
(72, 13, '+49 2773 912030', 3, 2),
(73, 14, 'Fax', 3, 1),
(74, 14, 'Fax', 3, 2),
(75, 15, '+49 02773 912031', 3, 1),
(76, 15, '+49 02773 912031', 3, 2),
(77, 16, 'INFORMATIONEN', 3, 1),
(78, 16, 'INFORMATIONS', 3, 2),
(79, 17, 'Impressum', 3, 1),
(80, 17, 'Impressum', 3, 2),
(81, 18, 'Kontakt', 3, 1),
(82, 18, 'Contact', 3, 2),
(83, 19, 'Shopseite', 3, 1),
(84, 19, 'Shop', 3, 2),
(85, 20, 'Facebook', 3, 1),
(86, 20, 'Facebook', 3, 2),
(87, 21, 'Google+', 3, 1),
(88, 21, 'Google+', 3, 2),
(89, 22, 'SPENDEN', 3, 1),
(90, 22, 'DONATE', 3, 2),
(91, 23, 'HeatBox', 3, 1),
(92, 23, 'HeatBox', 3, 2),
(93, 2, 'Willkommen bei HaDi-RC Wiki !', 4, 1),
(94, 2, 'Welcome to HaDi-RC Wiki !', 4, 2),
(95, 3, 'Wir wollen Ihnen hier gebündelt eingestellte Informationen zu unseren aktuellen Elektronik-Projekten geben, inklusive der aktuellen Updates bei Firmware-Änderungen.', 4, 1),
(96, 3, 'On this site we want to give you all informatins to our current electronical projects including the latest updates of the firmware.', 4, 2),
(97, 4, 'Diese Seite ist rein informell und beinhaltet den jeweils aktuellen Status / Firmware-Revision.', 4, 1),
(98, 4, 'This site is for information only and contains the current status / firmware-revision.', 4, 2),
(99, 5, 'HaDi-RC Wiki ist eine rein informelle Plattform ohne Diskussionsmöglichkeit. Im Fall von Supportanfragen nutzen Sie bitte das Kontaktformular.', 4, 1),
(100, 5, 'HaDi-RC Wiki is an platform for information and does not give the possibilty of discussion. If there are any questions please use the contact form.', 4, 2),
(101, 6, 'Die HeatBox', 4, 1),
(102, 6, 'The HeatBox', 4, 2),
(103, 7, 'Hier sind ein paar Bilder der Heatbox', 4, 1),
(104, 7, 'Here you can see a few pictures of the HeatBox', 4, 2),
(105, 1, 'Allgemeines | HeatBox', 5, 1),
(106, 1, 'General | HeatBox', 5, 2),
(107, 2, 'HeatBox', 5, 1),
(108, 2, 'HeatBox', 5, 2),
(109, 3, 'Die HeatBox von HaDi-RC.de ist die intelligente, mikroprozessorgesteuerte Regelung zum Bau eines Akku-Heizkoffers.', 5, 1),
(110, 3, 'The HeatBox by HaDi-RC.de is the smart, microprocessor-regulated control device for building heating cases for batteries.', 5, 2),
(111, 4, 'Herzstück bildet ein ATMega 328 Prozessor mit 16MHz, der die Innentemperatur mittels eines 1Wire-Bus-Temperatursensors überwacht und die Temperatur der Heizung exakt reguliert. Ein integrierter, hochpräziser Hall-Sensor erlaubt die Verwendung eines eingebauten Speise-Akkus zum autarken Betrieb, die Kapazität des Akkus kann eingegeben werden und z.b. bei erreichen einer bestimmten Entlademenge ein Vorwarnsignal ausgegeben werden. Die Akkuspannung wird dabei überwacht und im Falle einer drohenden Tiefentladung unabhängig davon die Heizung zwangsweise abgeschaltet.', 5, 1),
(112, 4, 'The HeatBox runs an ATMega 328 processor with clock speed of 16MHz which monitors the internal temperature by using a 1wire-bus-temperature sensor and regulates the temperature of the heater. An integrated, high-precision Hall-sensor arranges the autarkic use of a supply battery. You can enter the capacity of this same battery so that e.g. the system gives a warning sound if it dropped to a certain level of discharge. The voltage of the battery is monitored for an emergency shutdown in case of deep discharging.', 5, 2),
(113, 5, 'Alle Daten sind über ein kontrastreiches LC-Display ablesbar, Funktionen wie der StartUp-Timer erlauben ein zeitverzögertes Einschalten von bis zu 12 Stunden - stellen Sie morgens einfach ein, nach welcher Countdown-Zeit das vorheizen Ihrer Akkus erfolgen soll, und die HeatBox sorgt selbständig für perfekt temperierte Akkus.', 5, 1),
(114, 5, 'All data are viewable on the high-contrast LC-Display. By using special functions e.g. the startup timer you can perform a delayed startup up to 12 hours - simply set a timer in the morning and the HeatBox will start to heat up the batteries automatically after the entered time. After this, you can enjoy the performance of the perfectly tempered batteries.', 5, 2),
(115, 6, 'Genießen Sie die Vorteile der Vorwärmung von Akkus:', 5, 1),
(116, 6, 'Enjoy the benefits of the preheating of batteries:', 5, 2),
(117, 7, 'Höhere Spannungslage', 5, 1),
(118, 7, 'higher voltage level', 5, 2),
(119, 8, 'niedrigerer Innenwiderstand', 5, 1),
(120, 8, 'lower internal resistor', 5, 2),
(121, 9, 'stabilere Spannung unter Last', 5, 1),
(122, 9, 'more stable voltage under load', 5, 2),
(123, 10, 'Erleben Sie Ihre Akkus viel frischer als Sie es bisher kennen und verlängern Sie die Lebensdauer Ihrer Kraft-Riegel!', 5, 1),
(124, 10, 'Experience your batteries fresher than you did before and increase the lifespan of your power bars!', 5, 2),
(125, 1, 'HeatBox | HeatBox', 6, 1),
(126, 1, 'HeatBox | HeatBox', 6, 2),
(127, 2, 'HeatBox', 6, 1),
(128, 2, 'HeatBox', 6, 2),
(129, 3, 'Die \"klassiche\" HeatBox ist die erste erschienene Version der Heizkoffersteuerung', 6, 1),
(130, 3, 'The \"classic\" HeatBox is the first ever published version of the control device for heating cases', 6, 2),
(131, 4, 'Anzeige eines 4-Zeilen-Displays im Betrieb', 6, 1),
(132, 4, 'Output of a 4-line-display while running', 6, 2),
(133, 5, 'Draufsicht auf die Hauptplatine', 6, 1),
(134, 5, 'Top view on the motherboard', 6, 2),
(135, 6, 'Hauptplatine mit montierter Erweiterungsplatine', 6, 1),
(136, 6, 'Motherboard with mounted expansion board', 6, 2),
(137, 1, 'Technische Daten | HeatBox', 7, 1),
(138, 1, 'Technical specifications | HeatBox', 7, 2),
(139, 2, 'HeatBox', 7, 1),
(140, 2, 'HeatBox', 7, 2),
(141, 3, 'Technische Daten', 7, 1),
(142, 3, 'Technical data', 7, 2),
(143, 4, 'Betriebsspannung: 10,5V ... 14,98V DC', 7, 1),
(144, 4, 'Operation voltage: 10,5V ... 14,98V DC', 7, 2),
(145, 5, 'max. Schaltleistung ohne Zusatzkühlung: 75W (6A)', 7, 1),
(146, 5, 'max. switching capacity without supplementary cooling: 75W (6A)', 7, 2),
(147, 6, 'max. Schaltleistung mit Zusatzkühlung: 350W (28A)', 7, 1),
(148, 6, 'max. switching capacity with supplementary cooling: 350W (28A)', 7, 2),
(149, 7, 'Eigenstromaufnahme (Standby): ca. 25mA', 7, 1),
(150, 7, 'Internal power consumption (Standby): approx. 25mA', 7, 2),
(151, 8, 'Eigenstromaufnahme (Aktiv): ca. 45mA', 7, 1),
(152, 8, 'Internal power consumption (Active): approx. 45mA', 7, 2),
(153, 9, 'Mikroprozessor: ATMega 328, 16 Mhz, TQFP-Case', 7, 1),
(154, 9, 'Microprocessor: ATMega 328, 16 Mhz, TQFP-Case', 7, 2),
(155, 10, 'Features', 7, 1),
(156, 10, 'Features', 7, 2),
(157, 11, 'DoubleLayer-Hauptplatine in Industriequalität (RoHS, HAL, LF)', 7, 1),
(158, 11, 'Double-layer mainboard in industrial quality (RoHS, HAL, LF)', 7, 2),
(159, 12, 'hochpräziser, digitaler Temperatursensor DS-18B20 , Auflösung besser 0,5°C', 7, 1),
(160, 12, 'highly precise, digital, temperature sensor: DS-18B20, resolution better than 0,5°C', 7, 2),
(161, 13, 'leistungslos angesteuerte Hex-FET Endstufe, keine Relaiskontakte', 7, 1),
(162, 13, 'non-powered controlled Hex-FET power amplifier, no relay contacts', 7, 2),
(163, 14, 'frei wählbare Zieltemperatur von 20°C bis 50° C', 7, 1),
(164, 14, 'free selectable target temperature from 20°C to 50°C', 7, 2),
(165, 15, 'frei einstellbare Hysterese (Temp.-Abfall bis Nachheizen)', 7, 1),
(166, 15, 'free adjustable hysteresis (temperature loss until re-heating)', 7, 2),
(167, 16, 'frei einstellbare Konvektionspause zur gravitativen Konvektion', 7, 1),
(168, 16, 'free adjustable intermission of convection for gravitational convection', 7, 2),
(169, 17, '(selbsttätige Umlüftung durch Wärmeaustausch der Luftmasse) für erhöhte Effizienz', 7, 1),
(170, 17, '(mechanical ventilation by thermal exchange) to achieve better efficiency ', 7, 2),
(171, 18, 'einstellbare Kapazität des Versorgungs-Akku (autarker Betrieb)', 7, 1),
(172, 18, 'adjustable capacity of supply battery (in self-sufficient mode)', 7, 2),
(173, 19, 'präzise elektronische Strommessung mit µHall-Chip ACS 712', 7, 1),
(174, 19, 'precise electronically power measuring by µHall-Chip ACS 712', 7, 2),
(175, 20, 'einstellbare Warnschwelle für verbrauchte Kapazität (abschaltbar)', 7, 1),
(176, 20, 'adjustable warning level for consumed energy (function can be switched-off)', 7, 2),
(177, 21, 'abspeichern der entnommenen Kapazität beim ausschalten', 7, 1),
(178, 21, 'amount of consumed energy at switch-off is stored ', 7, 2),
(179, 22, '(wird beim nächsten Start weitergezählt), abschaltbar ', 7, 1),
(180, 22, '(continues counting with next switch-on) (function can be switched-off)', 7, 2),
(181, 23, 'einstellbare Zwangsabschaltung nach Kapazität (Tiefentladeschutz)', 7, 1),
(182, 23, 'adjustable emergency shut-down by capacity (protection against exhaustive discharge)', 7, 2),
(183, 24, 'integrierte Spannungsüberwachung des Versorgungs-Akku', 7, 1),
(184, 24, 'integrated voltage monitoring of the supply battery', 7, 2),
(185, 25, 'mit automatischer Zwangsabschaltung bei Unterspannung', 7, 1),
(186, 25, 'with automatic emergency shut-down at undervoltage', 7, 2),
(187, 26, 'einstellung durch digitalen Dreh-Encoder', 7, 1),
(188, 26, 'adjustment by digital rotary encoder', 7, 2),
(189, 27, 'automatisches Abspeichern aller eingestellten Werte in internem Speicher', 7, 1),
(190, 27, 'all set values are autosaved in internal storage', 7, 2),
(191, 28, 'laden der Werkseinstellungen auf Knopfdruck möglich', 7, 1),
(192, 28, 'reset to default settings by button press', 7, 2),
(193, 29, '2×16 Zeichen-Display, beleuchtet, einstellbarer Kontrast Auch mit 4×16 LCD erhältlich !', 7, 1),
(194, 29, '2x16 character display, illuminated with adjustable contrast. Also available as 4x16 character display!', 7, 2),
(195, 30, 'Anschluss für Signalgeber (Warn-Summer im Lieferumfang enthalten !)', 7, 1),
(196, 30, 'port for beeper (signal generator included in the scope of delivery)', 7, 2),
(197, 31, 'anzeige von aktueller Temperatur, Ziel-Temperatur, Systemstatus,', 7, 1),
(198, 31, 'current temperature, target temperature, system state, ', 7, 2),
(199, 32, 'verbrauchter Kapazität in mAh sowie prozentuale Restkapazität des Versorgungs-Akku', 7, 1),
(200, 32, 'consumed energy in mAh and remaining capacity (as a percentage) of the supply battery', 7, 2),
(201, 33, '(autarker Betrieb, netzunabhängig, Anzeigen abhängig von der Art der Versorgung', 7, 1),
(202, 33, 'are displayed (self-sufficient, independent of mains power supply, display depends on the type power supply,', 7, 2),
(203, 34, 'Schutzfunktionen bei externer Speisung außer Funktion)', 7, 1),
(204, 34, 'protective features are disabled power supply is external)', 7, 2),
(205, 35, 'Update- und Upgrade-Fähig (Hardware und Software-Erweiterungen / FTDI-Port und Extension-Port)', 7, 1),
(206, 35, 'updateable and upgradeable  (hardware and software extension,/ FTDI-port and Extension-port)', 7, 2),
(207, 36, 'Timer zum verzögerten Einschalten der Heizung, einstellbar bis 24h', 7, 1),
(208, 36, 'timer to switch-on heating adjustable up to 24h', 7, 2),
(209, 37, 'Ab V1.2.0 (Erweiterungsplatine)', 7, 1),
(210, 37, 'Since v1.2.0 (additional board)', 7, 2),
(211, 38, 'Erkennung interner Akku oder Externe Speisung', 7, 1),
(212, 38, 'detection of internal battery or external power supply', 7, 2),
(213, 39, 'Anschluss von Zusatzlüftern bis 350 mA Stromaufnahme,', 7, 1),
(214, 39, 'Connection for additional ventilator up to 350 mA consumption, ', 7, 2),
(215, 40, 'Einschaltdauer und Laufzeit frei einstellbar', 7, 1),
(216, 40, 'adjustable duty cycle and running time', 7, 2),
(217, 1, 'Anleitungen | HeatBox', 8, 1),
(218, 1, 'Manuals | HeatBox', 8, 2),
(219, 2, 'HeatBox', 8, 1),
(220, 2, 'HeatBox', 8, 2),
(221, 3, 'Anleitungen', 8, 1),
(222, 3, 'Manuals', 8, 2),
(223, 4, 'Hier finden Sie die jeweils aktuelle Anleitung zur HeatBox, den Erweiterungen und Add-Ons.', 8, 1),
(224, 4, 'Here you find the current manual for the HeatBox, the extension and the add-ons.', 8, 2),
(225, 5, 'Wichtiger Hinweis:', 8, 1),
(226, 5, 'Important notice:', 8, 2),
(227, 6, 'Bei Betrieb an einem Netzteil immer zuerst das Netzteil anschalten, dann erst die Box anschließen / einschalten!', 8, 1),
(228, 6, 'When operating with a power supply, first switch on the power supply, then connect / switch on the box!', 8, 2),
(229, 7, 'Ansonsten kann es bei einigen Netzteilen durch Einschalt-Spannungsspitzen zu einer Zerstörung des Spannungsreglers auf der HeatBox kommen.', 8, 1),
(230, 7, 'Otherwise, when turned on, voltage peaks can lead to a destruction of the voltage regulator on the HeatBox.', 8, 2),
(231, 8, 'Niemals ohne angeschlossener Last betreiben !', 8, 1),
(232, 8, 'Never operate without a connected load !', 8, 2),
(233, 9, ' - dies kann für Testzwecke auch eine 12 V Glühbirne sein.', 8, 1),
(234, 9, ' - this can be a 12 V bulb for test purposes.', 8, 2),
(235, 10, 'Links:', 8, 1),
(236, 10, 'Links:', 8, 2),
(237, 11, 'Anleitung zum Aufbau und Betrieb der HeatBox, HW-Revision 1.30', 8, 1),
(238, 11, 'Manual for construction and operation of the HeatBox, HW-revision 1.30', 8, 2),
(239, 12, 'Stand: 30.10.2013', 8, 1),
(240, 12, 'Status: 30.10.2013', 8, 2),
(241, 13, 'Anleitung zum Aufbau und Betrieb der HeatBox, HW-Revision 1.21 (v1.20 integriert)', 8, 1),
(242, 13, 'Manual for construction and operation of the HeatBox, HW-revision 1.21 (v1.20 integrated)', 8, 2),
(243, 14, 'Stand: 18.11.2013', 8, 1),
(244, 14, 'Status: 18.11.2013', 8, 2),
(245, 15, 'Zusatzinfo für HeatBoxes mit Kaufdatum vor dem 30.10.2013', 8, 1),
(246, 15, 'Additional information for HeatBoxes with date of purchase before 30.10.2013', 8, 2),
(247, 16, 'Schaltungsvorschlag Connect-Set - Anschluß zur Externen Versorgung', 8, 1),
(248, 16, 'Wiring proposal \"Connect-Set\" - Connection to external power supply', 8, 2),
(249, 17, 'Intern-Extern nutzen mit 2-poligem Kippschalter (Nachrüstung)', 8, 1),
(250, 17, 'Usage of intern-extern with 2-poled switch (upgrade)', 8, 2),
(251, 18, 'Generelle Info: Lötfehler vermeiden', 8, 1),
(252, 18, 'General information: avoid soldering mistakes', 8, 2),
(253, 1, 'Compact | HeatBox', 9, 1),
(254, 1, 'Compact | HeatBox', 9, 2),
(255, 2, 'HeatBox Compact', 9, 1),
(256, 2, 'HeatBox Compact', 9, 2),
(257, 3, 'Die HeatBox compact ist der neuste Evolutionsstand der Heizkoffersteuerung.', 9, 1),
(258, 3, 'The HeatBox compact is the newest stand of evolution of heating case control.', 9, 2),
(259, 4, 'Bei gleicher Funktionalität konnte der Komfort verbessert und die Platinengröße verkleinert werden.', 9, 1),
(260, 4, 'Keeping the functionality the comfort could be increased while the baord size could be decreased.', 9, 2),
(261, 5, 'Sandwich-Montage eines 2-Zeilen-Displays', 9, 1),
(262, 5, 'Sandwich-installation of a 2-lined display', 9, 2),
(263, 6, ' auf die Steuerplatine (frontal).', 9, 1),
(264, 6, ' on the control board (frontal).', 9, 2),
(265, 7, 'Sandwich-Montage eines 2-Zeilen-Displays', 9, 1),
(266, 7, 'Sandwich-installation of a 2-lined display', 9, 2),
(267, 8, ' auf die Steuerplatine (von oben).', 9, 1),
(268, 8, ' on the control board (top view).', 9, 2),
(269, 9, 'Blick auf die Rückseite der Platine', 9, 1),
(270, 9, 'View on the baord´s backside', 9, 1),
(271, 10, ' inkl. Summer und Temperatursensor', 9, 1),
(272, 10, ' incl. beeper and temperature sensor', 9, 2),
(273, 11, '4-Zeilen-Display auf die Steuerplatine montiert', 9, 1),
(274, 11, '4-lined display of mounted mainboard', 9, 2),
(275, 12, '4-Zeilen-Displayadapter', 9, 1),
(276, 12, '4-lined display adapter', 9, 2),
(277, 13, '4-Zeilen-Displayadapter mit montiertem Display', 9, 1),
(278, 13, '4-lined display adapter with mounted display', 9, 2),
(279, 1, 'Technische Daten | HeatBox', 10, 1),
(280, 1, 'Technical specifications | HeatBox', 10, 2),
(281, 2, 'HeatBox Compact 12V/24V', 10, 1),
(282, 2, 'HeatBox Compact 12V/24V', 10, 2),
(283, 3, 'Technische Daten', 10, 1),
(284, 3, 'Technical specifications', 10, 2),
(285, 4, 'Betriebsspannung: 10,5V  15,0 V DC oder bis 24,0V DC', 10, 1),
(286, 4, 'Technical Data operating voltage: 10,5V  15,0 V DC or until 24,0V DC', 10, 2),
(287, 5, '(entsprechende Bestellung)', 10, 1),
(288, 5, '(corresponding order)', 10, 2),
(289, 6, 'Max. Schaltleistung ohne Zusatzkühlung: 75 W (6A)', 10, 1),
(290, 6, 'Max. switching capacity excl. additive cooling: 75W (6A)', 10, 2),
(291, 7, 'Max. Schaltleistung mit Zusatzkühlung: 350W (28A)', 10, 1),
(292, 7, 'Max. switching capacity incl. additive cooling: 350W (28A)', 10, 2),
(293, 8, 'Eigenstromaufnahme (Standby): ca 25mA', 10, 1),
(294, 8, 'Internal power consumption (Standby): approx. 25mA', 10, 2),
(295, 9, 'Eigenstromaufnahme (Aktiv): ca 45mA', 10, 1),
(296, 9, 'Internal power consumption (Active): approx. 45mA', 10, 2),
(297, 10, 'Mikroprozessor: ATMega 328, 16Mhz, TQFP-Case', 10, 1),
(298, 10, 'Microprocessor: ATMega 328, 16Mhz, TQFP-Case', 10, 2),
(299, 11, 'Features', 10, 1),
(300, 11, 'Features', 10, 2),
(301, 12, 'DoubleLayer-Hauptplatine in Industriequalität (RoHS, HAL, LF)', 10, 1),
(302, 12, 'Double-layer mainboard in industrial quality (RoHS, HAL, LF)', 10, 2),
(303, 13, 'Hochpräziser, digitaler Temperatursensor DS-18B20 , Auflösung besser 0,5°C', 10, 1),
(304, 13, 'Highly precise, digital, temperature sensor: DS-18B20, resolution better than 0,5°C', 10, 2),
(305, 14, 'Leistungslos angesteuerte Hex-FET Endstufe, keine Relaiskontakte', 10, 1),
(306, 14, 'Non-powered controlled Hex-FET power amplifier, no relay contacts', 10, 2),
(307, 15, 'Frei wählbare Zieltemperatur von 20°C bis 50° C', 10, 1),
(308, 15, 'Free selectable target temperature from 20°C to 50°C', 10, 2),
(309, 16, 'Frei einstellbare Hysterese (Temp.-Abfall bis Nachheizen)', 10, 1),
(310, 16, 'Free adjustable hysteresis (temperature loss until re-heating)', 10, 2),
(311, 17, 'Frei einstellbare Konvektionspause zur gravitativen Konvektion (selbsttätige', 10, 1),
(314, 17, 'Free adjustable intermission of convection for gravitational convection (mechanical', 10, 2),
(315, 18, 'Umlüftung durch Wärmeaustausch der Luftmasse) für erhöhte Effizienz', 10, 1),
(316, 18, 'ventilation by thermal exchange) to achieve better efficiency', 10, 2),
(317, 19, 'Einstellbare Kapazität des Versorgungsakkus (autarker Betrieb)', 10, 1),
(318, 19, 'Adjustable capacity of supply battery (in self-sufficient mode)', 10, 2),
(319, 20, 'Präzise elektronische Strommessung mit µHall-Chip ACS 712', 10, 1),
(320, 20, 'Precise electronically power measuring by µHall-Chip ACS 712', 10, 2),
(321, 21, 'Einstellbare Warnschwelle für verbrauchte Kapazität (abschaltbar)', 10, 1),
(322, 21, 'Adjustable warning level for consumed energy (function can be switched-off)', 10, 2),
(323, 22, 'Abspeichern der entnommenen Kapazität beim ausschalten', 10, 1),
(324, 22, 'Amount of consumed energy at switch-off is stored', 10, 2),
(325, 23, '(wird beim nächsten Start weiter gezählt), abschaltbar', 10, 1),
(326, 23, '(continues counting with next switch-on), function can be switched-off', 10, 2),
(327, 24, 'Einstellbare Zwangsabschaltung nach Kapazität (Tiefentladeschutz)', 10, 1),
(328, 24, 'Adjustable emergency shut-down by capacity (protection against exhaustive discharge)', 10, 2),
(329, 25, 'Integrierte Spannungsüberwachung des Versorgungsakkus mit automatischer', 10, 1),
(330, 25, 'Integrated voltage monitoring of the supply battery with automatic', 10, 2),
(331, 26, 'Zwangsabschaltung bei Unterspannung', 10, 1),
(332, 26, 'emergency shut-down at undervoltage', 10, 2),
(333, 27, 'Einstellung durch digitalen Dreh-Encoder', 10, 1),
(334, 27, 'Adjustment by digital rotary encoder', 10, 2),
(335, 28, 'Automatisches Abspeichern aller eingestellten Werte in internem Speicher', 10, 1),
(336, 28, 'All set values are autosaved in internal storage', 10, 2),
(337, 29, 'Laden der Werkseinstellungen auf Knopfdruck möglich', 10, 1),
(338, 29, 'Reset to default settings by button press', 10, 2),
(339, 30, '2×16 Zeichen-Display, beleuchtet, einstellbarer Kontrast', 10, 1),
(340, 30, '2x16 character display, illuminated with adjustable contrast', 10, 2),
(341, 31, 'Anschluss für Signalgeber (Warn-Summer separat erhältlich)', 10, 1),
(342, 31, 'Port for beeper (signal generator can be purchased seperately)', 10, 2),
(343, 32, 'Anzeige von aktueller Temperatur, Ziel-Temperatur, Systemstatus,', 10, 1),
(344, 32, 'Display of current temperature, target temperature, system state,', 10, 2),
(345, 33, 'verbrauchter Kapazität in mAh sowie prozentuale Restkapazität des Versorgungs-Akku', 10, 1),
(346, 33, 'consumed energy in mAh and remaining capacity (as a percentage) of the supply battery', 10, 2),
(347, 34, '(autarker Betrieb, netzunabhängig, Anzeigen abhängig von der Art der Versorgung,', 10, 1),
(348, 34, '(self-sufficient, independent of mains power supply, display depends on the type of power supply,', 10, 2),
(349, 35, 'Schutzfunktionen bei externer Speisung außer Funktion)', 10, 1),
(350, 35, 'protective features are disabled, when the power supply is external)', 10, 2),
(351, 36, 'Update- und Upgrade-Fähig', 10, 1),
(352, 36, 'Updateable and upgradeable', 10, 2),
(353, 37, '(Hardware und Software-Erweiterungen / FTDI-Port und Extension-Port)', 10, 1),
(354, 37, '(hardware and software extension / FTDI-port and Extension-port)', 10, 2),
(355, 38, 'Erkennung interner Akku oder Externe Speisung', 10, 1),
(356, 38, 'Detection internal battery or external power supply', 10, 2),
(357, 39, 'Anschluss von Zusatzlüftern bis 350 mA Stromaufnahme,', 10, 1),
(358, 39, 'Connection of additional fans up to 350 mA power consumption,', 10, 2),
(359, 40, 'einschaltdauer und Laufzeit frei einstellbar', 10, 1),
(360, 40, 'adjustable duty cycle and running time', 10, 2),
(361, 41, 'Timer zum verzögerten Einschalten der Heizung, einstellbar bis 24h', 10, 1),
(362, 41, 'Timer to switch-on heating, adjustable up to 24h', 10, 2),
(363, 1, 'Anleitungen | HeatBox', 11, 1),
(364, 1, 'Manuals | HeatBox', 11, 2),
(365, 2, 'HeatBox Compact', 11, 1),
(366, 2, 'HeatBox Compact', 11, 2),
(367, 3, 'Anleitungen', 11, 1),
(368, 3, 'Manuals', 11, 2),
(369, 4, 'Hier finden Sie die jeweils aktuelle Anleitung zur HeatBox, den Erweiterungen und Add-Ons.', 11, 1),
(370, 4, 'Here you can find the latest manual for the HeatBox, extensions and Add-Ons.', 11, 2),
(371, 5, 'Wichtiger Hinweis:', 11, 1),
(372, 5, 'Important notice:', 11, 2),
(373, 6, 'Bei Betrieb an einem Netzteil immer zuerst das Netzteil anschalten, dann erst die Box anschließen / einschalten!', 11, 1),
(374, 6, 'When operating with a power supply, first switch on the power supply, then connect / switch on the box!', 11, 2),
(375, 7, 'Ansonsten kann es bei einigen Netzteilen durch Einschalt-Spannungsspitzen zu einer Zerstörung des Spannungsreglers auf der HeatBox kommen.', 11, 1),
(376, 7, 'Otherwise, when turned on, voltage peaks can lead to a destruction of the voltage regulator on the HeatBox.', 11, 2),
(377, 8, 'Niemals ohne angeschlossener Last betreiben !', 11, 1),
(378, 8, 'Never operate without a connected load !', 11, 2),
(379, 9, ' - dies kann für Testzwecke auch eine 12 V Glühbirne sein.', 11, 1),
(380, 9, ' - this can be a 12 V bulb for test purposes.', 11, 2),
(381, 10, 'Links:', 11, 1),
(382, 10, 'Links:', 11, 2),
(383, 11, 'Anleitung zum Aufbau und Betrieb der HeatBox', 11, 1),
(384, 11, 'Manual for the set up and operation of the HeatBox', 11, 2),
(385, 12, 'HW-Revision 1.70', 11, 1),
(386, 12, 'HW-Revision 1.70', 11, 2),
(387, 13, 'Stand: 30.03.2015', 11, 1),
(388, 13, 'Status: 30.03.2015', 11, 2),
(389, 14, 'Anleitung zur Verdrahtung und zum Anschluss des Intern/Extern-Schalters', 11, 1),
(390, 14, 'Manual for the wiring and the connection of the internal/external switch', 11, 2),
(391, 15, 'HW-Revision 1.50, 1.51, 1.60', 11, 1),
(392, 15, 'HW-Revision 1.50, 1.51, 1.60', 11, 2),
(393, 16, 'Stand: November 2014', 11, 1),
(394, 16, 'Status: November 2014', 11, 2),
(395, 17, 'Anleitung zum Aufbau und Betrieb der HeatBox', 11, 1),
(396, 17, 'Manual for the set up and operation of the Heat Box', 11, 2),
(397, 18, 'HW-Revision 1.60', 11, 1),
(398, 18, 'HW-Revision 1.60', 11, 2),
(399, 19, 'Stand: Oktober 2014', 11, 1),
(400, 19, 'Status: Oktober 2014', 11, 2),
(401, 20, 'Anleitung zum Aufbau und Betrieb der HeatBox Compact/24', 11, 1),
(402, 20, 'Manual for the set up and operation of the Heat Box Compact/24', 11, 2),
(403, 21, 'HW-Revision 1.51 (FW v1.5.0)', 11, 1),
(404, 21, 'HW-Revision 1.51 (FW v1.5.0)', 11, 2),
(405, 22, 'Stand: 31.03.2014', 11, 1),
(406, 22, 'Status: 31.03.2014', 11, 2),
(407, 23, 'Anleitung zum Aufbau und Betrieb der HeatBox Compact/24', 11, 1),
(408, 23, 'Manual for the set up and operation of the Heat Box Compact/24', 11, 2),
(409, 24, 'HW-Revision 1.50 (FW v1.4.0)', 11, 1),
(410, 24, 'HW-Revision 1.50 (FW v1.4.0)', 11, 2),
(411, 25, 'Stand : 26.12.2013', 11, 1),
(412, 25, 'Status : 26.12.2013', 11, 2),
(413, 14, 'Sandwich-Montage inkl. Displayrahmen', 9, 1),
(414, 14, 'Sandwich-installation with display frame', 9, 2),
(415, 1, 'Eco | HeatBox', 12, 1),
(416, 1, 'Eco | HeatBox', 12, 2),
(417, 2, 'HeatBox Eco', 12, 1),
(418, 2, 'HeatBox Eco', 12, 2),
(419, 3, 'Bei der HeatBox Eco handelt es sich um eine abgespeckte Version der HeatBox Compact', 12, 1),
(420, 3, 'The HeatBox Eco is a slimmed version of the Heatbox Compact', 12, 2),
(421, 4, 'und richtet sich an die Kunden, die die Vorteile der HeatBox zu einem möglichst kleinen Preis haben wollen.', 12, 1),
(422, 4, 'and is directed to customers, who want to have the advantages of the HeatBox for a low price.', 12, 2),
(423, 5, 'HeatBox Eco beim Starten', 12, 1),
(424, 5, 'HeatBox Eco at startup', 12, 2),
(425, 6, 'HeatBox Eco im Betrieb', 12, 1),
(426, 6, 'HeatBox Eco while running', 12, 2),
(427, 7, 'Ansicht von hinten', 12, 1),
(428, 7, 'Rear view', 12, 2),
(429, 1, 'Technische Daten | HeatBox', 13, 1),
(430, 1, 'Technical specifications | HeatBox', 13, 2),
(431, 2, 'HeatBox Eco', 13, 1),
(432, 2, 'HeatBox Eco', 13, 2),
(433, 3, 'Technische Daten', 13, 1),
(434, 3, 'Technical specifications', 13, 2),
(435, 4, 'Betriebsspannung: 10,5V  15,0V DC', 13, 1),
(436, 4, 'Technical Data operating voltage: 10.5V  14.98V DC', 13, 2),
(437, 5, 'Max. Schaltleistung ohne Zusatzkühlung: 75W (6A)', 13, 1),
(438, 5, 'Max. switching capacity excl. additive cooling: 75W (6A)', 13, 2),
(439, 6, 'Max. Schaltleistung mit Zusatzkühlung: 350W (28A)', 13, 1),
(440, 6, 'Max. switching capacity incl. additive cooling: 350W (28A)', 13, 2),
(441, 7, 'Eigenstromaufnahme (Standby): ca 25mA', 13, 1),
(442, 7, 'Internal power consumption: (Standby): approx. 25mA', 13, 2),
(443, 8, 'Eigenstromaufnahme (Aktiv): ca 45mA', 13, 1),
(444, 8, 'Internal power consumption: (Active): approx. 45mA', 13, 2),
(445, 9, 'Mikroprozessor: ATMega 328, 16Mhz, TQFP-Case', 13, 1),
(446, 9, 'Microprocessor: ATMega 328, 16Mhz, TQFP-Case', 13, 2),
(447, 10, 'Features', 13, 1),
(448, 10, 'Features', 13, 2),
(449, 11, 'DoubleLayer-Hauptplatine in Industriequalität (RoHS, HAL, LF)', 13, 1),
(450, 11, 'Double-layer mainboard in industrial quality (RoHS, HAL, LF)', 13, 2),
(451, 12, 'Hochpräziser, digitaler Temperatursensor DS-18B20 , Auflösung besser 0,5°C', 13, 1),
(452, 12, 'Highly precise, digital, temperature sensor: DS-18B20, resolution better than 0,5°C', 13, 2),
(453, 13, 'Leistungslos angesteuerte Hex-FET Endstufe, keine Relaiskontakte', 13, 1),
(454, 13, 'Non-powered controlled Hex-FET power amplifier, no relay contacts', 13, 2),
(455, 14, 'Frei wählbare Zieltemperatur von 20°C bis 50° C', 13, 1),
(456, 14, 'Free selectable target temperature from 20°C to 50°C', 13, 2),
(457, 15, 'Frei einstellbare Hysterese (Temp.-Abfall bis Nachheizen)', 13, 1),
(458, 15, 'Free adjustable hysteresis (temperature loss until re-heating)', 13, 2),
(459, 16, 'Frei einstellbare Konvektionspause zur gravitativen Konvektion (selbsttätige', 13, 1),
(460, 16, 'Free adjustable intermission of convection for gravitational convection (mechanical', 13, 2),
(461, 17, 'Umlüftung durch Wärmeaustausch der Luftmasse) für erhöhte Effizienz', 13, 1),
(462, 17, 'ventilation by thermal exchange) to achieve better efficiency', 13, 2),
(463, 18, 'integrierte Spannungsüberwachung des Versorgungsakkus mit automatischer', 13, 1),
(464, 18, 'integrated voltage monitoring of the supply battery with automatic', 13, 2),
(465, 19, 'Zwangsabschaltung bei Unterspannung', 13, 1),
(466, 19, 'emergency shut-down at undervoltage', 13, 2),
(467, 20, 'Einstellung durch digitalen Dreh-Encoder', 13, 1),
(468, 20, 'Adjustment by digital rotary encoder', 13, 2),
(469, 21, 'Automatisches Abspeichern aller eingestellten Werte in internem Speicher', 13, 1),
(470, 21, 'All set values are autosaved in internal storage', 13, 2),
(471, 22, 'Laden der Werkseinstellungen auf Knopfdruck möglich', 13, 1),
(472, 22, 'Reset to default settings by button press', 13, 2),
(473, 23, '2×16 Zeichen-Display, beleuchtet, einstellbarer Kontrast', 13, 1),
(474, 23, '2x16 character display, illuminated with adjustable contrast', 13, 2),
(475, 24, 'Anschluss für Signalgeber (Warn-Summer separat erhältlich)', 13, 1),
(476, 24, 'Port for beeper (signal generator included in the scope of delivery)', 13, 2),
(477, 25, 'Anzeige von aktueller Temperatur, Ziel-Temperatur, Hysteresebereich,', 13, 1),
(478, 25, 'Display of current temperature, target temperature, hysteresis range,', 13, 2),
(479, 26, 'Systemstatus, Betriebsspannung', 13, 1),
(480, 26, 'system state, operating voltage', 13, 2),
(481, 27, 'Timer zum verzögerten Einschalten der Heizung, einstellbar bis 24h', 13, 1),
(482, 27, 'Timer to switch on heating adjustable up to 24h', 13, 2),
(484, 1, 'Anleitungen | HeatBox', 14, 1),
(485, 1, 'Manuals | HeatBox', 14, 2),
(486, 2, 'HeatBox Eco', 14, 1),
(487, 2, 'HeatBox Eco', 14, 2),
(488, 3, 'Anleitungen', 14, 1),
(489, 3, 'Manuals', 14, 2),
(490, 4, 'Hier finden Sie die jeweils aktuelle Anleitung zur HeatBox Eco.', 14, 1),
(491, 4, 'Here you can find the latest manual for the HeatBox Eco.', 14, 2),
(492, 5, 'Wichtiger Hinweis:', 14, 1),
(493, 5, 'Important notice:', 14, 2),
(494, 6, 'Bei Betrieb an einem Netzteil immer zuerst das Netzteil anschalten, dann erst die Box anschließen / einschalten!', 14, 1),
(495, 6, 'When operating with a power supply, first switch on the power supply, then connect / switch on the box!', 14, 2),
(496, 7, 'Ansonsten kann es bei einigen Netzteilen durch Einschalt-Spannungsspitzen zu einer Zerstörung des Spannungsreglers auf der HeatBox kommen.', 14, 1),
(497, 7, 'Otherwise, when turned on, voltage peaks can lead to a destruction of the voltage regulator on the HeatBox.', 14, 2),
(498, 8, 'Niemals ohne angeschlossener Last betreiben !', 14, 1),
(499, 8, 'Never operate without a connected load !', 14, 2),
(500, 9, ' - dies kann für Testzwecke auch eine 12 V Glühbirne sein.', 14, 1),
(501, 9, ' - this can be a 12 V bulb for test purposes.', 14, 2),
(502, 1, 'Geschichte | HeatBox', 16, 1),
(503, 1, 'History | HeatBox', 16, 2),
(504, 2, 'Die Geschichte der HeatBox', 16, 1),
(505, 2, 'The history of the HeatBox', 16, 2),
(506, 3, 'Ein Heizkoffer mit HeatBox-Elektronik ist eine nachhaltige Investition mit praktiziertem Umweltschutz:', 16, 1),
(507, 3, 'A heating case with HeatBox-electrics is a sustainable investment and practical protection of the environment:', 16, 2),
(508, 4, 'Da temperierte Akkus eine deutlich höhere Belastbarkeit als kalte Akkus haben, verschleißen diese deutlich geringer  ein Neukauf ist i.d.R. erst nach der 2-3-fachen Zyklenzahl erforderlich. Dies bedeutet weniger Kosten für den Anwender für neue Akkus sowie eine deutliche Reduzierung von Akku-Schrott, der aufwändig gesammelt und recycelt bzw. umweltgerecht entsorgt werden muss.', 16, 1),
(509, 4, 'Regarding, that right-tempered batteries have a much higher loading capacity than cold ones, they wear out more slowly  re-purchase is required after 2-3 times as much cycles as normal. That means less costs for new batteries and a significant reduction of battery waste, which has to be collected and recycled costly or disposed of in an environmentally acceptable manner.', 16, 2),
(510, 5, 'Derzeit gibt es in Deutschland rund 400.000 Modellbaupiloten, von denen ca. 150.000 in Vereinen organisiert sind.', 16, 1),
(511, 5, 'Currently there are approx. 400.000 model pilots, 150.000 of which are organized in clubs.', 16, 2),
(512, 6, 'Bei einem Akku-Verbrauch von durchschnittlich 5 Stück zu je ca. 400 g ergibt dies eine Abfallbelastung von rund 800 Tonnen pro Jahr  die im Idealfall auf weniger als 250 Tonnen reduziert werden kann.', 16, 1),
(513, 6, 'An average battery consumption rate of 5 pcs., 400 gr. each, results in a burden of waste of approx. 800 t p.a.  which ideally can be reduced to less than 250 t p.a.', 16, 2),
(514, 7, '800 Tonnen Akku-Müll entspräche ca. 40 Gefahrgut-Sattelzügen mit einer Gesamtlänge von 660 m  also über einen halben Kilometer Akku-Müll, auf einer Höhe von 2,5 m und einer Breite von 2,0 m verteilt  und das nur aus dem Gebrauch der registrierten Anwender, unabhängig von professionellen Einsatzgebieten, und nur für den Bereich innerhalb Deutschlands.', 16, 1),
(515, 7, 'These 800 t of battery waste matches about 40 rig transports of hazardous materials with a total length of 660 m  more than half a kilometre of battery waste at a height if 2,5 m and a width of 2,0 m. All this only calculated only of registered users, only in Germany and exclusive of professional use.', 16, 2),
(516, 8, 'Very First Developement', 16, 1),
(517, 8, 'Very First Developement', 16, 2),
(518, 9, 'Very First Developement', 16, 1),
(519, 9, 'Very First Developement', 16, 2),
(520, 10, 'Oben: Erste Versuche auf Lochrasterplatine (rechts) mit Arduino-Mini 328 neben Display', 16, 1),
(521, 10, 'Top: First try, installed on a stripboard (right) with an Arduino-Mini 328 next to an display', 16, 2),
(522, 11, 'Unten: Darauf basierende Weiterentwicklung auf Lochrasterplatine mit externer CPU-Platine mit Atmel 328P (links). Daneben die Platine des ersten Beta-Prototyps (Auflage: 15 Stück)', 16, 1),
(523, 11, 'Bottom: Also installed on a stripboard: improvement, based on the first try next to an external CPU-circuit board with an Atmel 328P installed (left). Next to this is the first Beta-prototype´s mainboard (only 15 pcs. were build)', 16, 2),
(524, 12, 'HeatBox_v0.9', 16, 1),
(525, 12, 'HeatBox_v0.9', 16, 2),
(526, 13, 'HeatBox_v0.9', 16, 1),
(527, 13, 'HeatBox_v0.9', 16, 2),
(528, 14, 'Entwicklung der Beta-Platine v0.9, diese wurde als Bausatz geliefert, Kunden mussten noch einige Bauteile selber einlöten...', 16, 1),
(529, 14, 'Development of the Beta-Version of the circuit board v0.9, which was delivered as Kit, customers had to solder on some parts themselves.', 16, 2),
(530, 15, '...und das Display von Hand verkabeln, das Flachbandkabel also selbst verlöten.', 16, 1),
(531, 15, 'The display too has to be connected manually by the customer by soldering the broadband cable.', 16, 2),
(532, 16, 'Größenvergleiche', 16, 1),
(533, 16, 'Size comparison', 16, 2),
(544, 17, 'Größenvergleich 1', 16, 1),
(545, 17, 'Size comparison 1', 16, 2),
(546, 18, 'Größenvergleich 2', 16, 1),
(547, 18, 'Size comparison 2', 16, 2),
(548, 19, 'Größenvergleich HeatBox_v0.9', 16, 1),
(549, 19, 'Size comparison HeatBox_v0.9', 16, 2),
(550, 20, 'Eingebaute Platine', 16, 1),
(551, 20, 'Built-in circuit board', 16, 2),
(552, 21, 'Rote Platine HeatBox PCB-v1.0', 16, 1),
(553, 21, 'Red circuit board HeatBox PCB-v1.0', 16, 2),
(554, 22, 'Erste offizielle Version (v1.0)', 16, 1),
(555, 22, 'First official Roll-out (v1.0)', 16, 2),
(556, 23, 'Die Versionen 1.0 und 1.1 konnten durch eine Zusatzplatine für den \"Extension-Port\" erweitert werden, und zwar um eine Erkennung für externe Spannungsversorgung und deren Messung sowie einer Ansteuerung eines Zusatzlüfters für bessere Konvektion.', 16, 1),
(557, 23, 'Version 1.0 and 1.1 could be extended by an additive circuit-board for the Extension Port to realise a detection for external power supply system and corresponding measurement as well as controls for additional fan for better convective flow of heat.', 16, 2),
(558, 24, 'HeatBox v1.21', 16, 1),
(559, 24, 'HeatBox v1.21', 16, 2),
(560, 25, 'Ab der Hardware-Revision v1.21 wurden die Komponenten des Extension-Ports mit auf der Hauptplatine untergebracht und bereits fester Bestandteil der Grundfunktionen. Die Platine wurde dabei etwas größer, zur Aufnahme der zusätzlichen Bauteile und Anschlüsse.', 16, 1),
(561, 25, 'From Hardware-revision v1.21 the components of Extension Port were built-in the Mainboard and inherent part of basic function. Therefor the mainboard was enlarged a little to provide space for additional necessary parts and circuit points.', 16, 2),
(562, 26, 'HeatBox-NG', 16, 1),
(563, 26, 'HeatBox-NG', 16, 2),
(564, 27, 'HeatBox-NG First Beta (2015) mit Display', 16, 1),
(565, 27, 'Heatbox_NG First Beta (2015) with display', 16, 2),
(566, 28, 'HeatBox-NG Second Beta (2015) grüne Platine', 16, 1),
(567, 28, 'HeatBox-NG Second Beta (2015) green circuit-board', 16, 2),
(568, 29, 'HeatBox-NG Second Beta (2015) grüne Platine mit Display', 16, 1),
(569, 29, 'HeatBox-NG Second Beta (2015) green circuit-board with display', 16, 2),
(570, 30, 'HeatBox  v1.50 Compact', 16, 1),
(571, 30, 'HeatBox  v1.50 Compact', 16, 2),
(572, 31, 'HeatBox  v1.50 Compact', 16, 1),
(573, 31, 'HeatBox  v1.50 Compact', 16, 2),
(574, 32, 'Danach wurde vor allem das Design optimiert, daraus entstand die v 1.50 \"compact\". Alles vor der v1.50 wird nun als \"Legacy\" geführt.', 16, 1),
(575, 32, 'After v1.21 mainly the design was optimized, which led to v 1.50 compact. All versions older than 1.50 are now recorded as Legacy.', 16, 2),
(576, 33, 'Die \"Compact\"-Serie zeichnet sich vor allem durch die geringe Größe der Hauptplatine aus, die nicht größer ist als das Display - und zwar auch nicht, als das zweizeilige 2x16-Zeichen-Display.', 16, 1),
(577, 33, 'The \"Compact\" series is distinguished mainly by its mainboard´s small size, which doesn´t overlap the display  not even the two-lined 2x16 character display.', 16, 2),
(578, 34, 'HeatBox-Compact Adapter für v1.51', 16, 1),
(579, 34, 'HeatBox-Compact adapter for v1.51', 16, 2),
(580, 35, 'HB-Compact Adapter für v 1.51 (1)', 16, 1),
(581, 35, 'HB-Compact adapter for v 1.51 (1)', 16, 2),
(582, 36, 'HB-Compact Adapter für v 1.51 (2)', 16, 1),
(583, 36, 'HB-Compact adapter for v 1.51 (2)', 16, 2),
(584, 37, 'HB-Compact Adapter für v 1.51 (3)', 16, 1),
(585, 37, 'HB-Compact adapter for v 1.51 (3)', 16, 2),
(586, 38, 'Für Kunden die das vierzeilige 4x16 LCD bevorzugten, wurde eine Adapterplatine angeboten, die es ermöglichte, genau wie mit dem 2x16 LCD, das Ganze als Sandwich-Bauweise mit minimalstem Kabelaufwand fertigzustellen.', 16, 1),
(587, 38, 'For costumers, who prefer the four-lined 4x16 LCD, we´re offering the adapter board, which enables, likewise the 2x16 LCD, to realize the sandwich architecture, to economize wiring.', 16, 2),
(588, 39, 'HB-Compact Adapter für v 1.51 (4)', 16, 1),
(589, 39, 'HB-Compact adapter for v 1.51 (4)', 16, 2),
(590, 40, 'Ab der HeatBox 1.51 wurde erstmals eine optional erhältliche Version für den Betrieb mit 11-24 V eingeführt, die \"c24\". Alle davor erschienenen HeatBoxes waren nur für 11-14,9 V Versorgungsspannungen geeignet.', 16, 1),
(591, 40, 'With v1.51 came an optional Version, the c24, for running the HeatBox with 11-24 V. All former Versions only were compatible with 11-14,9 V supply voltage.', 16, 2),
(592, 41, 'HeatBox v1.60 12-24V', 16, 1),
(593, 41, 'HeatBox v1.60 12-24V', 16, 2),
(594, 42, 'Ab der Version v1.60 wurde das gesamte Design so ausgelegt, dass die HeatBox mit Spannungen von 10,8-29 V betrieben werden kann. Außerdem war die v1.60 die erste HeatBox mit einer Platine im Format des 4x16 LCD. Durch Zuschnitt kann es auf die Größe des 2x16 LCD gebracht werden, um mit beiden Displays eine Sandwich-Bauweise zu ermöglichen.', 16, 1),
(595, 42, 'Since v1.60 the HeatBox was designed to deal with supply voltage from 10,8V to 29V. Besides the v1.60 was the first HeatBox with a mainboard in size of the 4x16 LCD. By cutting it can be reduced to the size of a 2x16 LCD to enable a sandwich construction with both displays.', 16, 2),
(596, 43, 'HeatBox v1.70 mit Verpolungsschutz', 16, 1),
(597, 43, 'HeatBox v1.70 with reverse polarity protection', 16, 2),
(598, 44, 'Mit der v1.70 wurde dann erstmals auf unveränderter Platinengröße zusätzlich ein Verpolungsschutz und eine leistungsfähigere Endstufe realisiert, dass selbst eine Verpolung der Versorgungsquelle keinen Schaden anrichten kann.', 16, 1),
(599, 44, 'Along with v1.70 came for the first time, on a similar sized mainboard, reverse battery protection and even more efficient power amplifier, whereforeeven voltage reversal could not harm the power supply.', 16, 2),
(600, 45, 'In diesem Stadium der Entwicklung werden auch fertig konfektionierte Kabelsätze mit ausgeliefert, die den Montageaufwand für den Kunden auf ein Minimum reduzieren, dass selbst unterfahrene Elektroniklaien die HeatBox zur einem kompletten Heizkoffer zusammenbauen können.', 16, 1),
(601, 45, 'To reduce the installing work for the customer to a minimum, in this stadium of development ready-made cable sets are provided, so even a lay person in terms of electronical knowledge can easily assemble a HeatBox to a complete heating case.', 16, 2),
(602, 46, 'Seit 2016 gibt es die Möglichkeit, durch eine Kooperation mit der Firma ETLZ einen fertig funktionsfähigen Koffer zu erhalten. Für alle, denen der Aufwand, einen eigenen Koffer zu bauen zu groß ist oder, die sich es nicht zutrauen.', 16, 1),
(603, 46, 'Since 2016 customers, who lack the time or the ability to assemble the case themselves, have the opportunity to purchase an assembled and fully working Case, which can be realized in cooperation with ELTZ.', 16, 2),
(604, 1, 'Testberichte | HeatBox', 17, 1),
(605, 1, 'Reviews | HeatBox', 17, 2),
(606, 2, 'Testberichte', 17, 1),
(607, 2, 'Review', 17, 2),
(608, 3, 'Auf den nachfolgenden Seiten (Links) finden Sie publizierte unabhängige Testberichte zur HeatBox:', 17, 1),
(609, 3, 'By clicking on the following links, you can find published independent reviews for the HeatBox:', 17, 2),
(610, 4, 'Testbericht von Gerd Giese', 17, 1),
(611, 4, 'Review from Gerd Giese', 17, 2),
(612, 5, 'Testbericht Heli 4 Fun , Ausgabe 02 / 2013', 17, 1),
(613, 5, 'Review Heli 4 Fun , Issue 02 / 2013', 17, 2),
(614, 1, 'FAQ | HeatBox', 18, 1),
(615, 1, 'FAQ | HeatBox', 18, 2),
(616, 2, 'Frequently Asked Questions', 18, 1),
(617, 2, 'Frequently Asked Questions', 18, 2),
(618, 3, 'Allgemeine Fragen:', 18, 1),
(619, 3, 'Common questions:', 18, 2),
(620, 4, 'Ich habe eine der ersten HeatBox-Platinen gekauft. Sind diese veraltet?', 18, 1),
(621, 4, 'I bought one of the first HeatBox circuit boards. Are those outdated by now?', 18, 2),
(622, 5, 'Bei den neueren Platinen sind wir auf einige Kundenwünsche eingegangen und haben außerdem das Layout der Platine verbessert. Bis auf wenige Features, die erst durch die neuen Platinen unterstützt werden können, sind diese technisch ähnlich den ersten Platinen. Bei der Software-Weiterentwicklung achten wir darauf, dass diese kompatibel zu den früheren Platinen ist.', 18, 1),
(623, 5, 'For the younger boards we accommodated some customer wishes and improved the boards layout. Except some features, which are only supported by newer boards, those are technically very similar to the older ones. We particularly pay attention to compatibility to older boards in software development.', 18, 2),
(624, 6, 'Soll ich ein 2- oder ein 4-Zeilen-Display bestellen?', 18, 1),
(625, 6, 'Which display size should I choose? The one with 2 lines or 4 lines?', 18, 2),
(626, 7, 'Das hängt maßgeblich davon ab wie viel Platz Ihnen zur Verfügung steht. Bei der 4-Zeilen-Version können mehr Informationen zur selben Zeit angezeigt werden. Bei den 2-Zeilen-Versionen werden einige Informationen immer im Wechsel dargestellt.', 18, 1),
(627, 7, 'That depends on the space you have available: The 4-lined model can show more information at a time, while at the 2-lined model some information are shown alternating.', 18, 2),
(628, 8, 'Es gibt eine neue Software-Version. Muss ich ein Update vornehmen?', 18, 1),
(629, 8, 'There is a new Software release. Do I have to update? ', 18, 2),
(630, 9, 'Wir empfehlen es zumindest. Keine Software ist perfekt und so unterliegt auch unsere Steuerung einer permanenten Verbesserung und Revision. Außerdem kommen regelmäßig neue Funktionen hinzu um die Wünsche der Kunden zu erfüllen.', 18, 1),
(631, 9, 'We recommend it. No Software is perfect and therefor ours too are subject to constant improvement and revision. Besides new features are added frequently to accommodate some costumer wishes.', 18, 2),
(632, 10, 'Kann ich die HeatBox auch über meinen Zigarettenanzünder oder der Solaranlage der Vereinshütte betreiben?', 18, 1),
(633, 10, 'Can I supply the HeatBox by the cars cigarette lighter or the club huts solar collector with power?', 18, 2),
(634, 11, 'Ja (bei den früheren HeatBox-Platinen ist ggf. eine Erweiterungsplatine notwendig). Die HeatBox ist dafür ausgelegt, sowohl über eine externe Speisung als auch über einen Akku versorgt zu werden. Bei entsprechender Verschaltung erkennt die HeatBox den Typ der Versorgung und deaktiviert ggf. einige unnötige Überwachungsfunktionen, die nur beim Betrieb über einen Akku sinnvoll sind. Näheres entnehmen sie bitte der Anleitung.', 18, 1),
(635, 11, 'Yes, you can (for older models you might have to add an extension board). The HeatBox is designed to be supplied by external power supply as well as by battery. On appropriate circuitry, the HeatBox is able to identify the connected type of power supply and deactivates possibly unnecessary monitoring functions, which only are required in battery mode.', 18, 2),
(636, 12, 'Wie sicher ist der Betrieb der HeatBox?', 18, 1),
(637, 12, 'How safe is the HeatBox?', 18, 2),
(638, 13, 'Was das Design ihres Heizkoffers betrifft können wir natürlich keine Aussagen treffen. Bei der Steuerung jedoch haben wir darauf geachtet, dass alle kritischen Fehler erkannt werden können (korrekt ausgeführtes Setup vorausgesetzt), so dass die Software darauf reagieren kann. So wird nicht nur die entnommene Kapazität aus dem Betriebsakku gemessen, sondern gleichzeitig die Gesamtspannung überwacht. Auch der Ausfall des Temepratursensors wird festgestellt und die Heizung wird deaktiviert.', 18, 1),
(639, 13, 'We can´t make any explicit statement according to your design of a heating case. The control system whatsoever is designed under careful attention on security matters so that all critical errors can be detected and the software can react in an accordingly. Properly installed setup provided. Not only is the obtained capacity from the battery measured, but simultaneously the overall voltage is monitored. Even a break-down of the temperature sensor would be noticed and the heating deactivated.', 18, 2),
(640, 14, 'Allgemeine Probleme:', 18, 1),
(641, 14, 'Common problems:', 18, 2),
(642, 15, 'Beim Starten der HeatBox zeigt das Display nichts an, obwohl die Beleuchtung funktioniert und der Summer einen kurzen Ton ausgibt.', 18, 1),
(643, 15, 'After starting the HeatBox the display does not show anything although the light is on and the signal buzzer gives a sound.', 18, 2),
(644, 16, 'Vermutlich ist der Kontrast des Displays nicht richtig eingestellt. Auf der Platine finden sie einen kleinen Potentiometer den Sie mit einem kleinen Schraubendreher verstellen können. Drehen Sie den Potentiometer langsam in eine Richtung bis das Display etwas anzeigt.', 18, 1),
(645, 16, 'Probably the displays contrast isn´t set up correctly. On the Mainboard lays a little Potentiometer which you can easily adjust with a small screwdriver. Turn the Potentiometer slowly in one direction until the display is readable.', 18, 2),
(646, 17, 'Update-Fehler:', 18, 1),
(647, 17, 'Update error:', 18, 2),
(648, 18, 'avrdude.exe: ser_send(): write error: Sorry no info avail', 18, 1),
(649, 18, 'avrdude.exe: ser_send(): write error: Sorry no info avail', 18, 2),
(650, 19, 'Dieser Fehler taucht auf, wenn der angegebene COM-Port nicht der Richtige ist (Falschen Port ausgewählt).', 18, 1),
(651, 19, 'This error occurs, if the incorrect Com-port was chosen.', 18, 2),
(652, 1, 'Spende | HeatBox', 19, 1),
(653, 1, 'Donate | HeatBox', 19, 2),
(654, 2, 'Spende', 19, 1),
(655, 2, 'Donation', 19, 2),
(656, 3, 'Wenn sie die HeatBox mögen und dem Software-Entwickler ein kleines Dankeschön geben wollen, können Sie eine beliebige Spende via PayPal senden.', 19, 1),
(657, 3, 'I you like the HeatBox and want to give the software developer a little Thank you, you can send an optional donation via PayPal.', 19, 2),
(658, 4, 'enutzen Sie dazu einfach folgenden Button.', 19, 1),
(659, 4, 'Just use the following button.', 19, 2),
(660, 5, 'Ihre Spende wird ausschließich und direkt dem Software-Entwickler zukommen !', 19, 1),
(661, 5, 'Your donation will be solely and directly provided to the software developer !', 19, 2),
(662, 6, 'Herzlichen Dank !', 19, 1),
(663, 6, 'Thank you very much !', 19, 2),
(664, 1, 'Kommentar | HeatBox', 20, 1);
INSERT INTO `texte` (`textid`, `textnr`, `text`, `seitennr`, `sprachnr`) VALUES
(665, 1, 'Comment | HeatBox', 20, 2),
(666, 2, 'Benutzerkommentare', 20, 1),
(667, 2, 'User comments', 20, 2),
(668, 3, 'Hier können Sie Kommentare anderer Benutzer einsehen oder eigene hinzufügen.', 20, 1),
(669, 3, 'Here you can see comments of other users or add your own.', 20, 2),
(670, 4, 'Teilen Sie ihre Gedanken. Egal, ob Verbesserungswünsche, Erfahrungsberichte oder ähnliches.', 20, 1),
(671, 4, 'Share your thoughts. Whether they are improvement wishes, experiences etc.', 20, 2),
(672, 5, 'Kommentare', 20, 1),
(673, 5, 'Comment', 20, 2),
(674, 6, 'Kommentar hinzufügen', 20, 1),
(675, 6, 'Add comment', 20, 2),
(676, 7, 'Kommentar', 20, 1),
(677, 7, 'Comment	', 20, 2),
(678, 8, 'Abschicken', 20, 1),
(679, 8, 'Submit', 20, 2),
(680, 9, 'Loggen Sie sich ein, um einen Kommentar hinzuzufügen.', 20, 1),
(681, 9, 'Log in to add a comment.', 20, 2),
(682, 10, 'Anmelden', 20, 1),
(683, 10, 'Login', 20, 2),
(684, 1, 'Kontakt | HeatBox', 21, 1),
(685, 1, 'Contact | HeatBox', 21, 2),
(686, 2, 'Kontaktformular', 21, 1),
(687, 2, 'Contact form', 21, 2),
(688, 3, 'Name', 21, 1),
(689, 3, 'Name', 21, 2),
(690, 4, 'Bitte gib deinen Namen an', 21, 1),
(691, 4, 'Please enter your name', 21, 2),
(692, 5, 'Email', 21, 1),
(693, 5, 'Email', 21, 2),
(694, 6, 'Bitte gib deine Email an', 21, 1),
(695, 6, 'Please enter your email', 21, 2),
(696, 7, 'Betreff', 21, 1),
(697, 7, 'Subject', 21, 2),
(698, 8, 'Bitte gib einen Betreff an', 21, 1),
(699, 8, 'Please enter your subject', 21, 2),
(700, 9, 'Nachricht', 21, 1),
(701, 9, 'Message', 21, 2),
(702, 10, 'Schreibe eine Nachricht', 21, 1),
(703, 10, 'Write your message', 21, 2),
(704, 11, 'Sende Nachricht', 21, 1),
(705, 11, 'Send message', 21, 2),
(706, 12, 'Unsere Adresse', 21, 1),
(707, 12, 'Our adress', 21, 2),
(708, 13, 'Sie finden uns hier:', 21, 1),
(709, 13, 'You can find us here:', 21, 2),
(710, 14, 'Hüttenstraße 13', 21, 1),
(711, 14, 'Hüttenstraße 13', 21, 2),
(712, 15, '35708 Haiger', 21, 1),
(713, 15, '35708 Haiger', 21, 2),
(714, 16, 'Deutschland', 21, 1),
(715, 16, 'Germany', 21, 2),
(716, 17, 'Info@HaDi-RC.de', 21, 1),
(717, 17, 'Info@HaDi-RC.de', 21, 2),
(718, 18, '+49 2773 912030', 21, 1),
(719, 18, '+49 2773 912030', 21, 2),
(720, 19, '+49 02773 912031', 21, 1),
(721, 19, '+49 02773 912031', 21, 2),
(722, 20, 'HaDi-RC.de', 21, 1),
(723, 20, 'HaDi-RC.de', 21, 2),
(724, 1, 'Impressum | HeatBox', 22, 1),
(725, 1, 'Impressum | HeatBox', 22, 2),
(726, 2, 'Impressum', 22, 1),
(727, 2, 'Impressum', 22, 2),
(728, 3, 'Adresse', 22, 1),
(729, 3, 'adress', 22, 1),
(730, 4, 'HaDi-RC.de', 22, 1),
(731, 4, 'HaDi-RC.de', 22, 2),
(732, 5, 'Hüttenstraße 13', 22, 1),
(733, 5, 'Hüttenstraße 13', 22, 2),
(734, 6, '35708 Haiger', 22, 1),
(735, 6, '35708 Haiger', 22, 2),
(736, 7, 'Deutschland', 22, 1),
(737, 7, 'Germany', 22, 2),
(738, 8, 'Telefon: +49 2773 - 912030', 22, 1),
(739, 8, 'Phone: +49 2773 - 912030', 22, 2),
(740, 9, 'Fax: +49 2773 - 912031', 22, 1),
(741, 9, 'Fax: +49 2773 - 912031', 22, 2),
(742, 10, 'Ansprechpartner', 22, 1),
(743, 10, 'Contact Person', 22, 2),
(744, 11, 'Christian Domes', 22, 1),
(745, 11, 'Christian Domes', 22, 2),
(746, 12, 'E-mail: Info@HaDi-RC.de', 22, 1),
(747, 12, 'E-mail: Info@HaDi-RC.de', 22, 2),
(748, 13, 'Registriert nach BattG unter BattG Reg.Nr. 21000018', 22, 1),
(749, 13, 'Registered under BattG Reg.Nr. 21000018 according to BattG', 22, 2),
(750, 14, 'Steueridentifikation', 22, 1),
(751, 14, 'Tax identification', 22, 2),
(752, 15, 'USt-IdNr.: DE111754098', 22, 1),
(753, 15, 'USt-IdNr.: DE111754098', 22, 2),
(754, 16, 'Bankverbindung', 22, 1),
(755, 16, 'Bank details', 22, 2),
(756, 17, 'Volksbank Dill eG', 22, 1),
(757, 17, 'Volksbank Dill eG', 22, 2),
(758, 18, 'Kontonummer: 20271604', 22, 1),
(759, 18, 'Account number: 20271604', 22, 2),
(760, 19, 'BLZ: 51690000', 22, 1),
(761, 19, 'Bank Code: 51690000', 22, 2),
(762, 20, 'SWIFT / BIC: GENODE51DIL', 22, 1),
(763, 20, 'SWIFT / BIC: GENODE51DIL', 22, 2),
(764, 21, 'IBAN: DE85 5169 0000 0020 2716 04', 22, 1),
(765, 21, 'IBAN: DE85 5169 0000 0020 2716 04', 22, 2),
(766, 22, 'Kontoinhaber: Christian Domes', 22, 1),
(767, 22, 'Account holder: Christian Domes', 22, 2),
(768, 1, 'Anmeldung', 23, 1),
(769, 1, 'Login', 23, 2),
(770, 2, 'Email', 23, 1),
(771, 2, 'Email', 23, 2),
(772, 3, 'Passwort', 23, 1),
(773, 3, 'Password', 23, 2),
(774, 4, 'Anmelden', 23, 1),
(775, 4, 'Sign in', 23, 2),
(776, 5, 'Anmeldung fehlgeschlagen !', 23, 1),
(777, 5, 'Login failed !', 23, 2);

-- Indizes setzen

ALTER TABLE `admin_rules`
  ADD PRIMARY KEY (`admin_rulesid`),
  ADD UNIQUE KEY `rulenr` (`rulenr`);

ALTER TABLE `comments`
  ADD PRIMARY KEY (`id`);
  
ALTER TABLE `seiten`
  ADD PRIMARY KEY (`seitenid`),
  ADD UNIQUE KEY `seitenname` (`seitenname`),
  ADD UNIQUE KEY `seitennr` (`seitennr`);
  
ALTER TABLE `sprachen`
  ADD PRIMARY KEY (`sprachid`),
  ADD UNIQUE KEY `sprachnr` (`sprachnr`),
  ADD UNIQUE KEY `sprache` (`sprache`);

ALTER TABLE `texte`
  ADD PRIMARY KEY (`textid`),
  ADD KEY `seitennr` (`seitennr`),
  ADD KEY `sprachnr` (`sprachnr`);

-- AUTO_INCREMENT-Schlüssel für weitere Einträge vorschrauben

ALTER TABLE `admin_rules`
  MODIFY `admin_rulesid` int(11) NOT NULL AUTO_INCREMENT, AUTO_INCREMENT=2;
  
ALTER TABLE `comments`
  MODIFY `id` int(10) UNSIGNED NOT NULL AUTO_INCREMENT, AUTO_INCREMENT=1;

ALTER TABLE `seiten`
  MODIFY `seitenid` int(11) NOT NULL AUTO_INCREMENT, AUTO_INCREMENT=24;
  
ALTER TABLE `sprachen`
  MODIFY `sprachid` int(11) NOT NULL AUTO_INCREMENT, AUTO_INCREMENT=3;
  
ALTER TABLE `texte`
  MODIFY `textid` int(11) NOT NULL AUTO_INCREMENT, AUTO_INCREMENT=778;  
  
-- Fremdschlüsselrelationen setzen

ALTER TABLE `texte`
  ADD CONSTRAINT `texte_ibfk_1` FOREIGN KEY (`seitennr`) REFERENCES `seiten` (`seitennr`) ON DELETE CASCADE ON UPDATE CASCADE,
  ADD CONSTRAINT `texte_ibfk_2` FOREIGN KEY (`sprachnr`) REFERENCES `sprachen` (`sprachnr`) ON DELETE CASCADE ON UPDATE CASCADE;

  
-- Datenbank heatbox_login erstellen

CREATE DATABASE `heatbox_login`;
USE `heatbox_login`;

-- Tabelle permissions erstellen

CREATE TABLE `permissions` (
  `permid` int(11) NOT NULL,
  `knr` varchar(255) NOT NULL,
  `istadmin` tinyint(1) NOT NULL,
  `hatheatbox` tinyint(1) NOT NULL,
  `hatcompact` tinyint(1) NOT NULL,
  `hateco` tinyint(1) NOT NULL
) ENGINE=InnoDB DEFAULT CHARSET=utf8;

INSERT INTO `permissions` (`permid`, `knr`, `istadmin`, `hatheatbox`, `hatcompact`, `hateco`) VALUES
(1, 'R99999999', 1, 1, 1, 1);

-- Tabelle users erstellen

CREATE TABLE `users` (
  `userid` int(11) NOT NULL,
  `knr` varchar(255) NOT NULL,
  `username` varchar(255) NOT NULL,
  `email` varchar(255) NOT NULL,
  `password` char(64) NOT NULL,
  `salt` char(16) NOT NULL
) ENGINE=InnoDB DEFAULT CHARSET=utf8 COMMENT='Userdatenbank Heatbox';

INSERT INTO `users` (`userid`, `knr`, `username`, `email`, `password`, `salt`) VALUES
(1, 'R99999999', 'admin', 'admin@heat.box', 'e69bab43fe9dab611c22d9275f35c03b006dbe329064a87d4a3f3284bf204422', '61309c6738d8a9ed');

-- Indizes setzen

ALTER TABLE `permissions`
  ADD PRIMARY KEY (`permid`),
  ADD UNIQUE KEY `knr` (`knr`);
  
ALTER TABLE `users`
  ADD PRIMARY KEY (`userid`),
  ADD UNIQUE KEY `knr` (`knr`),
  ADD UNIQUE KEY `username` (`username`),
  ADD UNIQUE KEY `email` (`email`);
  
-- AUTO_INCREMENT-Schlüssel für weitere Einträge vorschrauben

ALTER TABLE `permissions`
  MODIFY `permid` int(11) NOT NULL AUTO_INCREMENT, AUTO_INCREMENT=2;
  
ALTER TABLE `users`
  MODIFY `userid` int(11) NOT NULL AUTO_INCREMENT, AUTO_INCREMENT=2;
  
-- Fremdschlüsselrelationen setzen

ALTER TABLE `permissions`
  ADD CONSTRAINT `permissions_ibfk_1` FOREIGN KEY (`knr`) REFERENCES `users` (`knr`) ON DELETE CASCADE ON UPDATE CASCADE;


-- User für Datenbankzugriff anlegen
  
GRANT USAGE ON *.* TO 'heatbox_textuser'@'localhost' IDENTIFIED BY PASSWORD '*FAB4D9A1505C4F4DDE1246E66B507495285ECCC1';

GRANT SELECT, INSERT, UPDATE, DELETE ON `heatbox\_text`.* TO 'heatbox_textuser'@'localhost';

GRANT USAGE ON *.* TO 'heatbox_loginuser'@'localhost' IDENTIFIED BY PASSWORD '*FAB4D9A1505C4F4DDE1246E66B507495285ECCC1';

GRANT SELECT, INSERT, UPDATE, DELETE ON `heatbox\_login`.* TO 'heatbox_loginuser'@'localhost';
